Date-Time,HX_Example_Data_V11_v1?Hot_Liquid_Flow_Data,HX_Example_Data_V11_v1?Cold_Liquid_Flow_Data,HX_Example_Data_V11_v1?T_Hot_in_Data,HX_Example_Data_V11_v1?T_Cold_Out_Data,HX_Example_Data_V11_v1?T_Hot_out_Data,HX_Example_Data_V11_v1?T_Cold_In_Data
2015-09-02T00:00:00,167681.5,429538.7746,450.9491667,294.0675,300.7910417,181.8108333
2015-09-03T00:00:00,200173.9288,536648.1083,474.2114583,322.6260417,260.1704167,193.4866667
2015-09-04T00:00:00,198832.0258,536619.769,477.0160417,328.2822917,267.4675,197.26375
2015-09-05T00:00:00,198812.4746,536678.369,477.4608333,328.8420833,268.1483333,196.2179167
2015-09-06T00:00:00,198785.0894,536695.3965,475.9202083,323.869375,261.4270833,189.0747917
2015-09-07T00:00:00,184758.459,485959.5188,461.6408333,312.86375,247.994375,177.1670833
2015-09-08T00:00:00,184450.7823,489975.2292,464.8754167,311.8825,245.83625,174.535
2015-09-09T00:00:00,190136.9379,536602.14,485.85375,319.8558333,254.410625,180.1260417
2015-09-10T00:00:00,185910.0923,536625.2706,490.3522917,326.7527083,264.1854167,188.1514583
2015-09-11T00:00:00,191700.3231,536692.0988,486.1339583,328.9033333,266.6345833,191.07
2015-09-12T00:00:00,196003.7579,536701.9563,484.1685417,326.2120833,261.8725,187.805625
2015-09-13T00:00:00,196005.4998,536657.9125,485.5745833,327.0179167,262.56125,189.2758333
2015-09-14T00:00:00,196015.7446,536635.5398,484.9064583,328.0010417,264.309375,192.2135417
2015-09-15T00:00:00,196000.4135,536638.1921,483.0339583,329.383125,267.0297917,194.771875
2015-09-16T00:00:00,195982.2752,570941.9398,481.925,324.7052083,265.0285417,195.2527083
2015-09-17T00:00:00,201899.2321,671186.1135,482.6260417,309.8454167,253.12625,189.7279167
2015-09-18T00:00:00,216022.4194,736233.8046,490.0760417,306.9391667,249.1027083,185.63375
2015-09-19T00:00:00,224005.875,737916.0727,497.8447917,312.5008333,252.1910417,184.7720833
2015-09-20T00:00:00,224010.8352,737297.5163,500.6904167,314.4279167,253.8091667,186.3479167
2015-09-21T00:00:00,224016.0115,736698.2725,503.0939583,317.79125,257.498125,189.5947917
2015-09-22T00:00:00,219244.5633,736141.8725,506.0229167,322.31625,264.030625,191.681875
2015-09-23T00:00:00,212341.3473,735464.5452,507.2408333,322.369375,265.8147917,191.3902083
2015-09-24T00:00:00,210015.7627,735224.8948,506.24875,321.4147917,265.7764583,192.1247917
2015-09-25T00:00:00,209994.4673,735216.3733,504.7852083,321.6485417,266.8322917,193.0485417
2015-09-26T00:00:00,209983.9325,735240.6854,504.5895833,319.59125,264.3247917,191.085
2015-09-27T00:00:00,209999.5765,735249.5448,504.0764583,319.37625,264.2516667,191.1177083
2015-09-28T00:00:00,210004.3608,735242.4881,500.9608333,320.0902083,266.1752083,193.4645833
2015-09-29T00:00:00,210013.374,735220.5198,498.56625,319.98,266.9160417,195.4491667
2015-09-30T00:00:00,210022.664,693603.4704,498.25,326.0477083,271.45125,197.6616667
2015-10-01T00:00:00,210003.6908,579563.8894,496.890625,343.458125,284.5358333,205.04875
2015-10-02T00:00:00,199239.8798,365579.0017,415.7858333,315.2827083,267.121875,195.9983333
2015-10-03T00:00:00,179727.8596,158008.5598,295.2991667,255.7510417,225.64125,173.0783333
2015-10-04T00:00:00,149915.3742,184625.7285,310.04,249.1389583,219.30875,170.3208333
2015-10-05T00:00:00,149023.6413,410048.3556,431.1291667,292.8164583,246.5633333,186.3964583
2015-10-06T00:00:00,183372.9302,536638.9056,496.080625,330.06375,270.0333333,199.261875
2015-10-07T00:00:00,199772.484,542481.2144,496.60375,337.8595833,276.179375,203.3102083
2015-10-08T00:00:00,200038.4835,556032.0604,494.2770833,334.7104167,274.3729167,203.0322917
2015-10-09T00:00:00,199906.8281,563516.5898,493.8645833,331.7602083,271.3352083,199.5804167
2015-10-10T00:00:00,200052.3135,563418.484,494.173125,330.3758333,269.5277083,196.7752083
2015-10-11T00:00:00,199966.4069,578098.8246,495.1308333,327.6333333,267.255,194.7097917
2015-10-12T00:00:00,201174.7738,618459.8458,498.9858333,323.8266667,264.6758333,193.1639583
2015-10-13T00:00:00,207681.4488,643514.7296,501.5779167,323.9533333,264.7597917,193.0558333
2015-10-14T00:00:00,212633.5763,643927.6217,501.9458333,327.144375,267.6277083,195.9608333
2015-10-15T00:00:00,212501.6138,643952.601,502.5608333,329.2972917,270.3529167,199.8277083
2015-10-16T00:00:00,209520.331,643949.841,503.220625,330.2422917,272.3391667,202.8785417
2015-10-17T00:00:00,201300.55,643881.1825,505.8360417,333.9889583,279.2304167,207.7783333
2015-10-18T00:00:00,195993.0773,643469.8525,508.1479167,335.5335417,282.545625,208.19875
2015-10-19T00:00:00,196002.5452,643582.1081,507.0391667,332.1772917,279.0533333,203.0835417
2015-10-20T00:00:00,196000.9523,643254.3485,503.3170833,327.5566667,274.6189583,197.3429167
2015-10-21T00:00:00,196002.9642,641373.1304,501.0810417,322.7677083,268.7260417,190.1439583
2015-10-22T00:00:00,196014.0423,642202.6698,502.599375,321.8589583,266.7339583,187.7933333
2015-10-23T00:00:00,196003.9638,644001.1321,502.1841667,324.0939583,270.0570833,192.1927083
2015-10-24T00:00:00,196015.2423,644044.6294,500.0754167,324.9908333,272.25875,194.6291667
2015-10-25T00:00:00,196012.2344,648694.6235,499.8233333,325.5560417,273.5372917,196.5414583
2015-10-26T00:00:00,196516.8196,686182.6917,503.1291667,324.941875,274.70875,199.545625
2015-10-27T00:00:00,196487.9208,722337.9225,505.6833333,322.1835417,273.4925,201.7664583
2015-10-28T00:00:00,196015.2033,693499.2742,503.6802083,319.285625,268.3479167,196.8822917
2015-10-29T00:00:00,195999.9265,663677.0671,500.6691667,318.1022917,265.3022917,190.565625
2015-10-30T00:00:00,195999.2385,691335.1252,503.2283333,316.5460417,264.9404167,188.0983333
2015-10-31T00:00:00,196018.5113,713292.7292,507.979375,317.7777083,267.3164583,190.871875
2015-11-01T00:00:00,196019.7471,711352.3135,509.5885417,317.7866667,266.7722917,193.6483333
2015-11-02T00:00:00,196015.045,707699.735,509.45,313.605,261.045,191.19
2015-11-03T00:00:00,196013.8744,718706.724,508.956875,312.9308333,261.27375,191.55875
2015-11-04T00:00:00,196008.6658,735005.0915,509.8547917,314.634375,264.89875,191.456875
2015-11-05T00:00:00,196007.4656,728416.0742,509.25875,313.3339583,263.2985417,187.8670833
2015-11-06T00:00:00,196001.9923,722713.7338,506.6064583,305.0014583,253.2733333,180.799375
2015-11-07T00:00:00,196008.2373,730124.9208,507.7685417,303.365625,251.8839583,178.9314583
2015-11-08T00:00:00,196005.2644,735732.3915,512.1741667,313.9395833,264.7614583,189.1589583
2015-11-09T00:00:00,195988.5373,735235.2496,513.4710417,318.3902083,269.8725,195.3491667
2015-11-10T00:00:00,195993.8185,735243.9171,512.15875,318.7270833,270.5541667,196.4185417
2015-11-11T00:00:00,196016.569,733034.5675,510.03125,319.015,271.285625,196.8045833
2015-11-12T00:00:00,196004.549,731269.3521,508.974375,318.89625,271.25625,196.6147917
2015-11-13T00:00:00,195978.9263,733598.0142,510.2902083,321.0777083,273.8697917,199.8002083
2015-11-14T00:00:00,195996.1779,735299.3694,510.3789583,319.5,272.130625,198.46125
2015-11-15T00:00:00,196017.3098,735278.6913,509.4677083,314.7127083,266.569375,191.785
2015-11-16T00:00:00,195998.4715,728402.2033,508.68125,314.1739583,265.6858333,190.83625
2015-11-17T00:00:00,195981.3015,727281.4925,509.3902083,316.6870833,268.6077083,194.7604167
2015-11-18T00:00:00,195991.6152,734719.1804,511.5897917,319.1783333,272.009375,198.144375
2015-11-19T00:00:00,195984.77,735289.0894,512.24875,319.9629167,273.2635417,198.1889583
2015-11-20T00:00:00,195996.1498,731146.9381,511.029375,318.2870833,271.2985417,195.1477083
2015-11-21T00:00:00,195995.736,730708.466,508.735625,316.7610417,270.109375,194.4377083
2015-11-22T00:00:00,195971.7633,733930.5579,506.34,316.0525,270.4120833,196.6541667
2015-11-23T00:00:00,195978.9077,733619.2083,506.723125,316.7375,271.4397917,197.8727083
2015-11-24T00:00:00,195950.1554,735019.9965,508.3866667,316.443125,270.8433333,196.1370833
2015-11-25T00:00:00,195974.0779,735300.0856,508.2,315.7958333,270.2047917,194.9679167
2015-11-26T00:00:00,195566.5471,735225.1188,507.9085417,315.2979167,269.824375,193.8525
2015-11-27T00:00:00,195504.7881,733835.2621,507.2145833,314.0185417,268.3983333,191.4554167
2015-11-28T00:00:00,196009.2152,733748.8458,505.303125,314.045,268.7266667,192.214375
2015-11-29T00:00:00,196019.1821,735240.0313,501.236875,313.5614583,269.10875,194.2475
2015-11-30T00:00:00,196001.5404,735229.7721,499.25625,313.0629167,269.191875,195.5239583
2015-12-01T00:00:00,195996.6394,709354.0665,498.8045833,319.795,276.4295833,205.0352083
2015-12-02T00:00:00,195996.1963,707060.5919,499.1139583,322.7608333,280.216875,210.461875
2015-12-03T00:00:00,195976.0706,735232.369,500.2941667,317.5308333,275.5566667,205.32125
2015-12-04T00:00:00,195995.3054,735254.6798,500.4775,317.5697917,275.996875,206.2170833
2015-12-05T00:00:00,196010.6875,735192.3963,500.9816667,319.0872917,277.9714583,208.7922917
2015-12-06T00:00:00,195992.1565,735240.266,500.155,315.223125,273.26125,201.8714583
2015-12-07T00:00:00,196000.1183,735299.7998,498.7808333,309.8147917,266.7795833,193.071875
2015-12-08T00:00:00,196010.8981,735301.4898,497.4702083,306.1575,262.4758333,187.8822917
2015-12-09T00:00:00,196005.384,730670.1269,495.9566667,301.268125,256.331875,180.6970833
2015-12-10T00:00:00,195995.2673,730228.0842,496.675625,304.5008333,260.74375,186.958125
2015-12-11T00:00:00,196005.75,735225.6263,498.0777083,310.1133333,268.5372917,197.7879167
2015-12-12T00:00:00,195997.3756,735220.7742,498.3654167,307.3004167,265.2385417,194.2089583
2015-12-13T00:00:00,196009.0698,735199.439,497.76125,296.9666667,252.41875,180.39625
2015-12-14T00:00:00,196005.4677,735212.28,497.2004167,290.6664583,244.709375,173.8579167
2015-12-15T00:00:00,196004.6394,735288.8696,497.3154167,293.4420833,248.5014583,176.9889583
2015-12-16T00:00:00,198678.0425,735332.4335,495.9629167,293.9420833,249.2827083,178.0529167
2015-12-17T00:00:00,207224.7604,735255.8327,493.8302083,294.7483333,249.4204167,180.170625
2015-12-18T00:00:00,211763.7677,728128.6292,491.3352083,292.3345833,245.530625,174.9679167
2015-12-19T00:00:00,210007.739,709515.5708,488.5977083,293.89,246.9695833,177.3652083
2015-12-20T00:00:00,210000.1796,698163.1794,488.3445833,302.620625,257.1427083,190.3733333
2015-12-21T00:00:00,210003.5165,709439.7777,488.9377083,298.825,253.0802083,184.9395833
2015-12-22T00:00:00,210012.4352,727846.5785,489.0895833,293.66875,248.0895833,178.9720833
2015-12-23T00:00:00,209974.7915,732091.6865,490.5679167,298.96375,254.9235417,187.40875
2015-12-24T00:00:00,211579.201,730406.5723,492.2764583,307.3439583,265.0416667,197.941875
2015-12-25T00:00:00,211750.1531,733091.3592,493.24875,311.2925,270.2866667,202.9064583
2015-12-26T00:00:00,210010.4708,734554.5569,492.9166667,310.4833333,269.5427083,202.3941667
2015-12-27T00:00:00,210007.2125,735236.9402,493.184375,306.84125,264.5254167,195.5383333
2015-12-28T00:00:00,209984.9431,735195.0835,492.9733333,305.8616667,263.385625,191.4352083
2015-12-29T00:00:00,209982.65,734791.6569,491.2758333,305.8889583,264.0939583,191.9485417
2015-12-30T00:00:00,210000.7096,734530.2273,490.765,301.245625,258.5629167,187.1839583
2015-12-31T00:00:00,210020.0181,734604.3842,490.8891667,299.4527083,256.4522917,184.98375
2016-01-01T00:00:00,210010.3869,734578.8035,491.5864583,301.74625,259.2410417,188.523125
2016-01-02T00:00:00,209997.5713,734511.7079,492.59625,304.340625,262.349375,192.3860417
2016-01-03T00:00:00,209995.5998,734280.2402,494.038125,306.2175,264.3829167,194.59
2016-01-04T00:00:00,209992.5827,733331.9923,494.98875,308.6583333,267.1675,198.0120833
2016-01-05T00:00:00,209994.704,733576.504,494.3875,309.5164583,268.5225,199.7541667
2016-01-06T00:00:00,209988.9065,734962.4827,493.1489583,308.1964583,267.3585417,197.4064583
2016-01-07T00:00:00,209983.7238,735251.8346,493.0052083,311.84,272.2877083,202.059375
2016-01-08T00:00:00,209982.3579,735230.9444,493.1885417,318.700625,281.2745833,211.0110417
2016-01-09T00:00:00,209974.2327,735226.5977,493.33875,322.6629167,286.114375,215.0747917
2016-01-10T00:00:00,209985.5383,735220.0133,493.8795833,323.2545833,286.3577083,214.5785417
2016-01-11T00:00:00,210004.2646,735210.3246,494.35,323.4314583,286.2739583,214.0410417
2016-01-12T00:00:00,210004.1388,735194.9617,495.180625,324.5135417,287.3702083,215.373125
2016-01-13T00:00:00,210017.9908,735212.4521,495.6789583,324.6091667,287.515625,215.6860417
2016-01-14T00:00:00,210011.7652,735242.2783,494.2439583,317.9008333,279.7885417,205.1022917
2016-01-15T00:00:00,209994.689,735233.6356,492.2708333,311.546875,272.510625,195.0516667
2016-01-16T00:00:00,199103.3673,653599.9488,478.9666667,313.7633333,274.3945833,198.755625
2016-01-17T00:00:00,167445.5215,342729.3296,352.976875,265.7316667,241.3279167,182.3577083
2016-01-18T00:00:00,145968.9931,94614.19792,230.51,212.633125,206.8747917,164.7352083
2016-01-19T00:00:00,151179.4163,75725.61771,229.3997917,215.4297917,212.0897917,167.5025
2016-01-20T00:00:00,157906.4492,74669.86063,228.9397917,214.7791667,210.3675,162.8222917
2016-01-21T00:00:00,169717.6706,224715.6823,322.9754167,256.92,233.3870833,170.9122917
2016-01-22T00:00:00,197374.6577,452029.3648,456.8220833,325.2,279.6877083,195.5614583
2016-01-23T00:00:00,217891.1454,599127.2027,491.0239583,339.066875,292.9154167,208.2314583
2016-01-24T00:00:00,217590.1471,698957.1708,491.7839583,327.9285417,287.141875,209.9875
2016-01-25T00:00:00,211291.8858,734445.5715,492.8322917,323.60375,285.6514583,209.87375
2016-01-26T00:00:00,209100.7479,735287.4617,491.2341667,315.6522917,276.6460417,197.4922917
2016-01-27T00:00:00,209820.9058,735300.214,489.8814583,310.1135417,269.8641667,188.2602083
2016-01-28T00:00:00,210008.1494,735265.8688,491.05625,305.1820833,262.8714583,182.8379167
2016-01-29T00:00:00,210021.1225,735287.6829,491.40875,302.3314583,258.9839583,179.8772917
2016-01-30T00:00:00,210012.0731,735287.586,491.934375,309.340625,268.0727083,187.2470833
2016-01-31T00:00:00,210006.1929,735244.3285,491.71125,310.8135417,270.138125,187.6708333
2016-02-01T00:00:00,210015.8558,735228.1221,490.3079167,306.1172917,264.9535417,180.7066667
2016-02-02T00:00:00,209998.2425,735196.0917,487.1414583,302.304375,261.5297917,177.6122917
2016-02-03T00:00:00,210012.8794,735241.4763,483.9345833,304.5441667,265.491875,185.5339583
2016-02-04T00:00:00,210021.4723,735155.7994,482.8304167,305.4010417,267.0797917,188.495625
2016-02-05T00:00:00,210010.0867,735030.3085,482.8383333,301.7383333,262.6233333,181.6291667
2016-02-06T00:00:00,210019.9008,727254.8313,481.0504167,298.6570833,258.7589583,175.6733333
2016-02-07T00:00:00,210014.3648,724259.3708,479.0439583,297.72125,257.9770833,174.65625
2016-02-08T00:00:00,209996.7694,732584.2608,477.9879167,295.5520833,256.52625,173.7254167
2016-02-09T00:00:00,209987.2842,735253.6165,476.8370833,293.6054167,254.8795833,172.6514583
2016-02-10T00:00:00,209983.1044,735227.435,479.186875,292.038125,252.0916667,170.1964583
2016-02-11T00:00:00,209973.5331,735192.3627,483.4695833,291.6570833,250.214375,169.0622917
2016-02-12T00:00:00,209988.7119,735256.8138,485.4952083,290.9539583,248.7870833,167.8285417
2016-02-13T00:00:00,210008.3904,735247.004,485.49875,285.3175,241.72,161.005625
2016-02-14T00:00:00,210003.5127,735234.0346,483.3985417,283.6960417,239.9608333,162.4877083
2016-02-15T00:00:00,210008.9077,735281.7633,481.399375,287.064375,244.6985417,170.2391667
2016-02-16T00:00:00,210012.3838,735263.2927,484.77125,294.6175,253.8933333,180.4841667
2016-02-17T00:00:00,209983.1056,735230.8408,490.0783333,305.8039583,267.1575,192.545625
2016-02-18T00:00:00,209974.6435,735207.2594,491.8102083,301.414375,261.2591667,184.57
2016-02-19T00:00:00,209988.171,735219.2938,489.8470833,291.1129167,248.8175,172.303125
2016-02-20T00:00:00,209995.0065,735272.5465,488.1333333,292.8991667,251.5114583,176.2672917
2016-02-21T00:00:00,209993.5381,735299.7275,487.9333333,301.0533333,262.2266667,186.4183333
2016-02-22T00:00:00,209978.0808,735224.9244,488.6279167,310.2404167,274.2320833,197.835625
2016-02-23T00:00:00,204003.1221,698288.0398,483.72625,310.24875,274.1916667,198.8891667
2016-02-24T00:00:00,146038.1833,664247.4394,377.143125,275.8610417,240.543125,201.183125
2016-02-25T00:00:00,76125.22729,362099.5719,178.315,180.2520833,151.1122917,171.2127083
2016-02-26T00:00:00,55759.83083,24885.81542,75.96791667,101.993125,86.46791667,121.3904167
2016-02-27T00:00:00,52096.12729,21482.35979,68.54895833,82.999375,81.82375,101.0554167
2016-02-28T00:00:00,52901.45313,18889.5325,64.55416667,71.65416667,78.1975,82.13208333
2016-02-29T00:00:00,51968.02896,18207.24875,66.21458333,65.29145833,75.16270833,69.01020833
2016-03-01T00:00:00,64793.59875,108625.5981,152.9839583,128.3933333,116.9177083,109.1510417
2016-03-02T00:00:00,119973.2973,393723.4788,357.0970833,250.8147917,215.8770833,175.7114583
2016-03-03T00:00:00,176120.5427,661152.6013,486.9991667,305.6372917,271.6170833,195.8966667
2016-03-04T00:00:00,190625.4613,732907.2569,488.0397917,304.6358333,271.82,198.2025
2016-03-05T00:00:00,188166.3508,735200.4846,486.2079167,304.4445833,273.0372917,200.3533333
2016-03-06T00:00:00,182012.3219,730401.5563,493.5445833,304.5814583,273.1708333,198.5097917
2016-03-07T00:00:00,182093.5246,727329.3019,501.2602083,306.000625,273.2522917,195.21375
2016-03-08T00:00:00,177295.6598,701562.3208,504.290625,298.928125,263.088125,184.4039583
2016-03-09T00:00:00,176774.9073,701789.1077,504.3975,284.9083333,245.6675,168.34625
2016-03-10T00:00:00,182006.1702,735200.6142,503.8539583,284.5497917,246.2225,169.9491667
2016-03-11T00:00:00,182022.0277,735216.8808,500.9904167,296.0770833,261.49375,186.7389583
2016-03-12T00:00:00,182008.7656,733617.9017,498.9816667,302.1235417,269.7329167,196.0822917
2016-03-13T00:00:00,181996.4444,733289.845,496.2597917,302.176875,270.6752083,197.3960417
2016-03-14T00:00:00,181997.84,721459.825,491.065,298.37,266.355,193.675
2016-03-15T00:00:00,181996.3502,695880.4248,487.8389583,293.1829167,258.6702083,188.4904167
2016-03-16T00:00:00,181987.4994,709832.1831,490.1991667,297.5914583,264.6733333,196.4264583
2016-03-17T00:00:00,181989.0754,733551.6352,492.7933333,303.849375,273.963125,205.60625
2016-03-18T00:00:00,181995.28,734708.5813,491.2502083,296.9352083,266.0995833,196.433125
2016-03-19T00:00:00,181997.555,735246.3733,489.5308333,289.7647917,257.61375,187.0041667
2016-03-20T00:00:00,181997.9702,735233.6665,490.03875,290.878125,258.9370833,187.6495833
2016-03-21T00:00:00,181998.9417,735192.9869,491.1635417,287.2883333,254.4547917,182.2535417
2016-03-22T00:00:00,181999.2454,735205.7508,489.4441667,279.884375,245.6739583,173.4952083
2016-03-23T00:00:00,182006.496,735234.6552,487.31375,278.324375,244.35875,172.2408333
2016-03-24T00:00:00,182027.9225,735229.2844,487.6127083,276.0425,241.663125,169.0245833
2016-03-25T00:00:00,182020.781,733415.7748,489.1658333,273.4902083,238.0910417,164.9483333
2016-03-26T00:00:00,182009.6867,733577.5875,489.7825,278.5066667,244.19875,172.3370833
2016-03-27T00:00:00,182020.3633,735214.3073,491.895625,291.6958333,260.1639583,189.185625
2016-03-28T00:00:00,182014.5315,735208.0452,495.5433333,302.9997917,273.221875,201.8270833
2016-03-29T00:00:00,182002.4288,735202.6144,498.5147917,308.2345833,279.0835417,208.2352083
2016-03-30T00:00:00,181997.1496,735171.635,499.495,309.5297917,280.9289583,210.933125
2016-03-31T00:00:00,181982.8825,735161.4827,499.8210417,309.4127083,280.98625,211.0297917
2016-04-01T00:00:00,181979.6804,735206.8663,501.3739583,310.7427083,282.230625,211.6772917
2016-04-02T00:00:00,181984.7792,735231.5971,503.6597917,313.301875,284.8252083,215.1422917
2016-04-03T00:00:00,181987.539,731116.6802,505.7229167,315.195,286.5710417,217.8877083
2016-04-04T00:00:00,181991.8698,714510.1035,505.1510417,313.4714583,283.3029167,212.845
2016-04-05T00:00:00,181993.6406,717959.2313,505.7910417,311.545625,280.9425,209.3652083
2016-04-06T00:00:00,181985.8071,729658.5515,508.21625,313.7102083,284.1266667,213.32125
2016-04-07T00:00:00,181990.6198,715899.1063,506.0604167,314.3739583,284.501875,213.688125
2016-04-08T00:00:00,181999.2229,708269.5404,502.185,304.8710417,273.2983333,200.413125
2016-04-09T00:00:00,182002.0006,711050.884,497.7125,289.2064583,255.3802083,182.03125
2016-04-10T00:00:00,182020.1717,711099.4115,495.0447917,278.8947917,243.150625,170.923125
2016-04-11T00:00:00,182020.8342,711132.3519,495.6927083,276.563125,240.1529167,168.081875
2016-04-12T00:00:00,182001.6702,689448.6938,493.8752083,278.0260417,240.8666667,167.9752083
2016-04-13T00:00:00,182009.7375,691149.8713,493.9202083,280.465625,244.3802083,171.9991667
2016-04-14T00:00:00,182007.3608,711091.4746,497.8270833,288.083125,254.6141667,182.87
2016-04-15T00:00:00,181981.5708,711100.926,499.9654167,288.73875,254.7445833,182.064375
2016-04-16T00:00:00,181989.7615,710948.9025,499.949375,277.4997917,240.7025,166.8860417
2016-04-17T00:00:00,182004.5335,710954.851,500.4710417,272.676875,234.7072917,160.0891667
2016-04-18T00:00:00,182002.8465,711057.4294,502.445,276.4785417,239.06625,164.4647917
2016-04-19T00:00:00,181999.3819,711126.4892,502.67875,281.0066667,244.81375,171.1166667
2016-04-20T00:00:00,182002.26,711140.4163,500.73,285.92625,251.633125,178.9535417
2016-04-21T00:00:00,182016.0848,715847.7681,500.825625,290.0175,257.1614583,184.4558333
2016-04-22T00:00:00,182014.8183,727962.115,502.26,288.313125,255.8566667,182.9014583
2016-04-23T00:00:00,182004.3056,735163.7188,502.6679167,283.3858333,250.2760417,177.1545833
2016-04-24T00:00:00,182004.3506,735222.6602,502.104375,276.9283333,242.4983333,169.2335417
2016-04-25T00:00:00,181994.6465,735182.1948,501.16125,270.4122917,234.781875,161.4697917
2016-04-26T00:00:00,181992.2883,735189.1769,500.1883333,264.675,227.996875,153.9910417
2016-04-27T00:00:00,182005.5735,735222.0727,499.8670833,262.4554167,225.36,151.0933333
2016-04-28T00:00:00,182016.6381,735221.0608,499.62375,265.73875,229.3997917,156.023125
2016-04-29T00:00:00,182004.7492,735218.0323,499.1354167,272.1558333,237.5095833,164.9247917
2016-04-30T00:00:00,181996.9338,735242.881,499.28,277.1210417,243.7154167,171.2352083
2016-05-01T00:00:00,182000.2958,735243.484,499.681875,279.6227083,246.8285417,174.0670833
2016-05-02T00:00:00,181983.9271,735211.8525,500.84,280.4447917,247.7075,174.2402083
2016-05-03T00:00:00,181996.4529,733510.8546,501.400625,276.3966667,242.5277083,168.495625
2016-05-04T00:00:00,181996.1165,729571.4194,500.898125,278.6364583,245.5020833,171.83875
2016-05-05T00:00:00,181985.7877,731460.6292,500.5108333,286.0685417,255.349375,181.8141667
2016-05-06T00:00:00,181996.0673,735225.1304,499.8364583,283.5689583,252.7629167,179.2741667
2016-05-07T00:00:00,182009.554,735202.0435,498.925625,279.6389583,248.07125,175.2110417
2016-05-08T00:00:00,182001.4171,735198.2242,498.2247917,281.2464583,250.2527083,177.54
2016-05-09T00:00:00,181975.424,735199.611,498.52125,278.43,246.6902083,173.2689583
2016-05-10T00:00:00,181984.9427,735201.8596,499.2391667,271.5885417,238.0477083,164.179375
2016-05-11T00:00:00,182020.3304,735209.8254,499.184375,267.4091667,232.8622917,158.9489583
2016-05-12T00:00:00,182024.3138,735224.7875,499.815,263.3754167,227.795,153.039375
2016-05-13T00:00:00,182010.731,726516.7517,499.198125,265.6045833,230.4027083,155.8958333
2016-05-14T00:00:00,181991.489,715121.5869,497.3535417,274.8560417,241.7397917,168.5889583
2016-05-15T00:00:00,181994.245,720402.354,494.938125,273.7604167,241.4160417,169.1747917
2016-05-16T00:00:00,182008.391,731856.0931,490.2377083,266.7985417,234.9052083,164.2358333
2016-05-17T00:00:00,182009.686,735281.2254,485.2639583,264.1910417,233.4683333,163.061875
2016-05-18T00:00:00,182200.0669,735242.4454,483.1752083,267.0454167,237.8927083,164.8095833
2016-05-19T00:00:00,182187.2379,702466.791,482.7997917,275.4733333,246.0120833,169.3039583
2016-05-20T00:00:00,182014.1208,691405.4827,479.6635417,272.1864583,241.8277083,164.823125
2016-05-21T00:00:00,182006.6458,722640.5771,475.50625,261.5839583,232.2235417,157.1654167
2016-05-22T00:00:00,157334.0704,735220.8492,472.961875,256.0022917,226.98375,152.0541667
2016-05-23T00:00:00,155218.3692,708049.22,469.25125,250.92125,221.9297917,147.0445833
2016-05-24T00:00:00,163645.2998,665077.11,463.1666667,244.51375,217.9170833,145.9089583
2016-05-25T00:00:00,153989.1627,659565.2723,459.21375,239.7377083,215.5420833,145.99125
2016-05-26T00:00:00,160809.4463,689778.1302,461.8652083,239.9260417,215.1395833,144.4714583
2016-05-27T00:00:00,174858.4435,721171.2046,466.5527083,245.365625,218.7870833,145.4804167
2016-05-28T00:00:00,182013.5617,734189.3279,467.4902083,251.04,224.40875,150.751875
2016-05-29T00:00:00,182011.0617,735259.641,467.2897917,254.0197917,228.320625,155.7541667
2016-05-30T00:00:00,182020.5763,712335.6181,468.9945833,259.1914583,232.5435417,159.194375
2016-05-31T00:00:00,182009.0463,699635.61,469.3125,259.7014583,232.2170833,157.6597917
2016-06-01T00:00:00,181989.5815,702318.5615,468.3822917,256.375625,228.8804167,154.2904167
2016-06-02T00:00:00,182002.2417,698148.6196,468.3720833,256.0497917,228.1635417,153.9077083
2016-06-03T00:00:00,182022.2675,715777.6363,468.4720833,256.3579167,229.7029167,156.6575
2016-06-04T00:00:00,182021.0538,733491.6635,469.004375,257.4983333,232.3895833,160.3591667
2016-06-05T00:00:00,182008.4917,688631.3471,468.45,262.8435417,235.9102083,162.0629167
2016-06-06T00:00:00,181983.6238,623862.9919,467.2904167,277.8302083,250.475,173.965
2016-06-07T00:00:00,181990.3438,603761.3563,470.2627083,293.8920833,268.64125,191.2997917
2016-06-08T00:00:00,181995.5994,603751.2498,475.3927083,300.6579167,275.864375,198.0679167
2016-06-09T00:00:00,181990.2363,605198.3744,476.9464583,299.6610417,274.1189583,194.120625
2016-06-10T00:00:00,182007.9923,656468.8213,474.4054167,283.105,257.4664583,179.2454167
2016-06-11T00:00:00,181994.1658,719468.1169,473.7516667,265.6135417,240.3639583,165.9479167
2016-06-12T00:00:00,181986.8065,735196.2519,473.5702083,258.6708333,233.2433333,159.0714583
2016-06-13T00:00:00,181997.6048,735225.1383,472.0964583,257.3041667,232.2145833,158.1025
2016-06-14T00:00:00,181997.89,735240.6167,469.4104167,258.826875,234.9516667,162.4860417
2016-06-15T00:00:00,181995.4185,735202.5488,468.1564583,261.52625,238.7633333,167.4802083
2016-06-16T00:00:00,181992.359,735179.3742,471.4954167,264.22,241.50625,169.000625
2016-06-17T00:00:00,181990.194,735213.3565,478.111875,272.3666667,250.0814583,174.34375
2016-06-18T00:00:00,181984.9446,735261.6402,484.039375,282.228125,260.8416667,182.238125
2016-06-19T00:00:00,181995.3925,716052.2598,484.9895833,284.2875,261.800625,181.8575
2016-06-20T00:00:00,182012.9325,637194.3973,482.711875,283.78125,254.648125,173.2360417
2016-06-21T00:00:00,182016.9077,655815.8138,484.1975,277.8091667,248.070625,168.5708333
2016-06-22T00:00:00,181999.7956,730184.0992,487.290625,270.671875,244.960625,167.7564583
2016-06-23T00:00:00,181993.7706,735228.751,484.8427083,266.89625,241.9010417,165.079375
2016-06-24T00:00:00,182013.7217,735204.3621,480.9683333,266.18875,242.488125,166.0629167
2016-06-25T00:00:00,181997.3608,735203.745,482.56125,269.481875,246.1595833,168.650625
2016-06-26T00:00:00,181993.4306,734659.2573,487.5314583,276.4591667,253.5941667,174.1270833
2016-06-27T00:00:00,182014.8219,721827.5592,489.03125,285.69625,263.8645833,184.0541667
2016-06-28T00:00:00,182005.0283,720845.8129,490.9741667,292.4539583,271.7575,192.5025
2016-06-29T00:00:00,181993.4456,732910.1944,493.33875,293.6154167,273.4920833,193.4710417
2016-06-30T00:00:00,181999.77,735249.4354,492.2475,288.1629167,267.2129167,185.9210417
2016-07-01T00:00:00,181994.7829,735222.0173,491.0564583,276.3347917,252.715625,170.6233333
2016-07-02T00:00:00,181991.9054,735179.1948,490.8704167,266.6635417,240.7391667,158.2291667
2016-07-03T00:00:00,182001.0133,735254.074,491.6404167,267.33,241.4652083,158.8345833
2016-07-04T00:00:00,182011.831,735284.4033,492.9233333,275.1264583,250.9608333,168.3839583
2016-07-05T00:00:00,182006.3898,735277.801,494.7620833,281.7495833,258.9383333,175.51625
2016-07-06T00:00:00,181998.0167,735273.0329,496.975625,287.158125,265.4439583,181.4714583
2016-07-07T00:00:00,182012.501,735237.5819,498.8735417,293.4239583,273.0391667,189.885
2016-07-08T00:00:00,182015.2375,735192.9485,500.150625,294.3058333,273.7764583,189.89875
2016-07-09T00:00:00,182001.0838,735202.8571,499.9370833,291.4697917,270.306875,184.935625
2016-07-10T00:00:00,181995.2327,735260.1323,499.1391667,290.6070833,269.6895833,184.5022917
2016-07-11T00:00:00,182012.2623,735219.081,499.6191667,292.9575,272.7754167,188.406875
2016-07-12T00:00:00,182022.0294,735222.2494,499.7066667,294.7616667,274.996875,191.444375
2016-07-13T00:00:00,182003.1394,735232.7773,498.623125,292.6377083,272.6016667,188.7433333
2016-07-14T00:00:00,181977.926,735211.6985,499.3283333,290.188125,269.6533333,184.2735417
2016-07-15T00:00:00,181987.6652,735267.6144,501.7577083,290.2627083,269.3516667,182.7654167
2016-07-16T00:00:00,181995.9371,735298.4896,502.8345833,289.8635417,268.6989583,181.4733333
2016-07-17T00:00:00,182002.0477,735265.5092,503.3141667,290.9464583,270.0722917,182.3939583
2016-07-18T00:00:00,181997.0852,735239.706,502.729375,292.8929167,272.6902083,185.5702083
2016-07-19T00:00:00,181994.446,735216.694,500.3570833,290.319375,270.211875,183.1047917
2016-07-20T00:00:00,182004.2248,735245.1529,498.8327083,286.9472917,266.938125,179.6195833
2016-07-21T00:00:00,181997.8508,735271.3696,499.39375,285.9654167,265.8929167,178.1508333
2016-07-22T00:00:00,181999.451,735242.1213,501.4877083,287.1829167,266.765625,177.848125
2016-07-23T00:00:00,182002.0444,735227.4858,502.496875,286.165625,265.2477083,175.781875
2016-07-24T00:00:00,181997.314,735215.3394,502.8829167,283.0110417,261.2695833,171.3466667
2016-07-25T00:00:00,181997.9381,735208.4819,504.3110417,286.09375,264.895625,175.0245833
2016-07-26T00:00:00,182006.4356,735241.4665,504.1452083,287.9902083,267.3172917,176.7360417
2016-07-27T00:00:00,182016.8348,735262.2948,501.7664583,279.785625,257.596875,166.1710417
2016-07-28T00:00:00,187015.4081,708256.5563,492.8210417,271.866875,247.1558333,153.5914583
2016-07-29T00:00:00,186611.3985,672038.1421,479.2258333,264.3772917,239.023125,148.35625
2016-07-30T00:00:00,182009.2175,680918.9438,470.9729167,250.2389583,224.6195833,137.3585417
2016-07-31T00:00:00,182006.744,665447.954,471.2616667,249.9666667,221.6972917,129.9502083
2016-08-01T00:00:00,182000.6998,618619.7619,476.823125,261.90625,230.5825,135.745
2016-08-02T00:00:00,181992.9821,611694.1267,482.9583333,262.8566667,229.9060417,133.0739583
2016-08-03T00:00:00,181997.7202,654743.719,486.601875,256.38375,225.3602083,129.1245833
2016-08-04T00:00:00,182003.4773,712384.1052,488.1583333,253.9947917,227.2102083,136.7966667
2016-08-05T00:00:00,189473.0169,729688.6444,487.138125,257.9716667,231.86,143.778125
2016-08-06T00:00:00,203460.0079,713043.6883,486.1885417,266.2708333,237.653125,148.129375
2016-08-07T00:00:00,210004.6948,709961.3154,487.683125,270.3127083,240.493125,150.4647917
2016-08-08T00:00:00,209993.8508,724524.7575,488.2058333,270.3564583,241.6922917,152.8689583
2016-08-09T00:00:00,209998.5058,728577.7202,486.53625,271.6997917,244.4595833,156.9647917
2016-08-10T00:00:00,210008.751,711130.9406,483.471875,272.785625,245.7502083,157.9641667
2016-08-11T00:00:00,210004.8573,708051.4496,482.7639583,274.5933333,248.2145833,160.7570833
2016-08-12T00:00:00,210019.1838,726829.599,482.7902083,276.0491667,251.519375,166.2833333
2016-08-13T00:00:00,210015.2877,735251.9246,481.8597917,277.8641667,254.8116667,171.4472917
2016-08-14T00:00:00,209993.5575,735225.4721,482.4066667,282.4597917,260.4920833,177.6645833
2016-08-15T00:00:00,209994.7931,735193.124,483.4522917,288.1216667,267.4795833,184.1835417
2016-08-16T00:00:00,209996.9029,735192.6581,483.834375,293.9608333,275.0233333,190.956875
2016-08-17T00:00:00,209989.2785,735230.0677,484.32,297.3554167,279.3485417,194.6070833
2016-08-18T00:00:00,209982.181,735315.7429,485.8425,296.5745833,277.9204167,191.7847917
2016-08-19T00:00:00,209974.9992,735279.4469,485.3825,295.9310417,277.3720833,190.9895833
2016-08-20T00:00:00,209985.5831,735176.3221,484.7422917,291.7635417,272.136875,186.074375
2016-08-21T00:00:00,210007.8773,731600.8292,485.448125,285.6472917,263.7425,177.1372917
2016-08-22T00:00:00,209994.796,725131.0804,486.4314583,289.594375,268.2075,181.070625
2016-08-23T00:00:00,209977.756,729008.0319,488.7647917,298.1252083,279.0795833,192.1435417
2016-08-24T00:00:00,209996.5783,735250.4979,495.2077083,305.0210417,286.8870833,199.4808333
2016-08-25T00:00:00,210009.6383,735220.8017,503.245,310.3704167,291.645,202.03
2016-08-26T00:00:00,210004.5813,735209.749,506.959375,311.1202083,291.5870833,199.7383333
2016-08-27T00:00:00,209995.8404,735215.6817,506.8845833,307.22625,286.6408333,192.6091667
2016-08-28T00:00:00,209998.4073,735228.409,506.5395833,304.1925,283.0329167,187.5108333
2016-08-29T00:00:00,210020.1073,735194.5617,507.1610417,304.4158333,283.495,188.0335417
2016-08-30T00:00:00,210008.0296,735178.6733,507.5716667,304.4622917,283.7679167,188.3210417
2016-08-31T00:00:00,217347.5565,735192.0117,506.7089583,306.8575,285.4691667,188.5877083
2016-09-01T00:00:00,216779.9181,735236.559,505.4216667,306.11125,284.9722917,187.730625
2016-09-02T00:00:00,210004.2535,729172.4204,505.59375,303.65,282.9545833,186.0729167
2016-09-03T00:00:00,209987.2465,717047.6333,505.64,304.7089583,283.5704167,187.035
2016-09-04T00:00:00,210002.0244,712699.0623,505.039375,306.0308333,285.19625,189.5335417
2016-09-05T00:00:00,210005.4094,716028.3119,505.269375,307.1514583,286.9058333,191.755
2016-09-06T00:00:00,210006.5623,717761.3077,505.3083333,307.6341667,287.8489583,193.4089583
2016-09-07T00:00:00,210000.5952,719976.4494,505.6858333,307.1466667,287.545,193.0233333
2016-09-08T00:00:00,210003.1644,723258.8281,505.37375,306.3339583,287.0845833,192.575
2016-09-09T00:00:00,209990.0073,724466.8573,502.7327083,306.408125,288.1014583,194.884375
2016-09-10T00:00:00,209992.4179,724513.491,500.4033333,307.850625,290.565,198.8029167
2016-09-11T00:00:00,210021.716,724547.4425,499.6702083,309.4,292.8516667,202.1691667
2016-09-12T00:00:00,210016.8792,726702.2146,500.513125,310.32875,294.0175,203.70625
2016-09-13T00:00:00,210002.6277,727453.9606,502.6920833,310.9110417,294.3679167,203.9914583
2016-09-14T00:00:00,209992.69,725392.7881,504.2754167,311.7375,295.1325,205.0089583
2016-09-15T00:00:00,210008.7904,724578.75,504.5102083,312.2189583,295.6820833,205.55125
2016-09-16T00:00:00,210013.5958,724580.486,504.7541667,312.4654167,295.90625,205.2970833
2016-09-17T00:00:00,209990.9602,724543.5883,504.408125,310.179375,293.1289583,200.9079167
2016-09-18T00:00:00,209986.2854,724518.5102,503.8889583,306.84375,289.026875,194.5064583
2016-09-19T00:00:00,209992.0865,724541.846,503.8966667,306.2339583,288.3158333,192.9283333
2016-09-20T00:00:00,209997.2083,724547.1571,502.9502083,306.0389583,288.3883333,192.7614583
2016-09-21T00:00:00,210010.2242,719587.385,503.4,306.4720833,288.4585417,192.0116667
2016-09-22T00:00:00,210010.8621,698999.8083,508.315625,312.069375,292.8220833,194.9241667
2016-09-23T00:00:00,209983.7679,672406.835,511.655,318.7847917,298.5395833,199.6289583
2016-09-24T00:00:00,209989.4206,680390.6788,513.2691667,318.990625,299.0575,200.2727083
2016-09-25T00:00:00,210009.196,697665.5323,514.5058333,316.3789583,296.959375,198.2375
2016-09-26T00:00:00,209986.2602,691345.3252,513.726875,315.346875,295.5827083,196.1975
2016-09-27T00:00:00,209982.33,674938.2935,515.7579167,318.7277083,298.1585417,196.9075
2016-09-28T00:00:00,210006.8869,661115.5335,519.885,322.838125,301.2552083,197.194375
2016-09-29T00:00:00,210019.5735,657416.6319,522.0735417,323.9385417,301.9066667,196.5039583
2016-09-30T00:00:00,210015.0352,664054.9648,523.6510417,324.34375,302.7379167,197.8514583
2016-10-01T00:00:00,210008.989,670500.6931,525.3297917,324.68,303.4677083,199.2577083
2016-10-02T00:00:00,210014.5981,670802.9392,525.8010417,325.7433333,304.885,201.405
2016-10-03T00:00:00,210004.5973,670779.6815,525.2985417,326.056875,305.51375,202.3791667
2016-10-04T00:00:00,209994.6173,670785.8167,524.6804167,325.5045833,305.124375,201.7854167
2016-10-05T00:00:00,210008.4621,670779.3004,524.4547917,325.6925,305.5839583,202.289375
2016-10-06T00:00:00,210007.9781,672449.4108,523.9708333,325.9383333,306.2647917,203.178125
2016-10-07T00:00:00,209996.4265,672734.9777,521.7591667,324.4104167,304.9379167,201.808125
2016-10-08T00:00:00,209987.0679,671217.0258,520.53625,324.7483333,305.6922917,203.2960417
2016-10-09T00:00:00,209991.594,670931.6179,521.2954167,326.1116667,307.3979167,205.814375
2016-10-10T00:00:00,210003.275,669570.2138,522.2072917,327.404375,308.8075,207.4189583
2016-10-11T00:00:00,209999.4454,668350.7521,522.43875,328.848125,310.76625,210.1304167
2016-10-12T00:00:00,209998.0169,666868.5779,521.8258333,328.5658333,310.67125,210.200625
2016-10-13T00:00:00,209999.0231,668188.9842,520.8229167,327.4952083,309.6410417,208.550625
2016-10-14T00:00:00,209997.1408,670763.6427,520.3510417,326.2422917,308.2566667,206.2652083
2016-10-15T00:00:00,210010.7373,670766.8598,520.193125,323.62625,304.8285417,201.10875
2016-10-16T00:00:00,210003.7108,670784.4031,519.3627083,319.4708333,299.676875,194.1560417
2016-10-17T00:00:00,209990.8985,670798.4823,519.5270833,318.1439583,298.0129167,191.8558333
2016-10-18T00:00:00,210003.31,663787.6327,518.775,318.96625,299.3325,194.1852083
2016-10-19T00:00:00,210012.7517,658755.2781,517.5204167,319.3391667,300.2041667,195.710625
2016-10-20T00:00:00,209992.3452,667575.5081,518.9935417,320.9822917,302.545625,198.511875
2016-10-21T00:00:00,209989.0085,676089.3204,521.011875,323.1489583,305.49375,202.4595833
2016-10-22T00:00:00,210003.1119,677528.2581,522.0466667,325.3675,308.3385417,206.470625
2016-10-23T00:00:00,209986.299,677558.4494,522.7425,328.7004167,312.62375,212.884375
2016-10-24T00:00:00,209986.741,677593.2798,522.6758333,331.7791667,316.6714583,219.1541667
2016-10-25T00:00:00,210002.4475,678784.3156,521.928125,331.956875,317.1739583,220.1854167
2016-10-26T00:00:00,210003.6544,680384.469,522.149375,329.9185417,314.5529167,215.8675
2016-10-27T00:00:00,210004.3858,685245.8731,524.0485417,328.584375,312.6766667,212.0395833
2016-10-28T00:00:00,209995.3435,703683.5288,521.733125,323.9858333,308.8179167,209.2245833
2016-10-29T00:00:00,209995.7533,713953.406,517.641875,320.3029167,306.1333333,208.6879167
2016-10-30T00:00:00,209993.4735,717265.8665,517.5258333,320.6520833,306.9616667,209.9722917
2016-10-31T00:00:00,210002.4321,708721.6858,517.479375,322.3666667,308.5997917,211.2077083
2016-11-01T00:00:00,210008.0198,694423.7127,512.14,320.99375,307.5370833,211.4139583
2016-11-02T00:00:00,209990.0875,707553.3969,506.3897917,314.1429167,301.7489583,207.4552083
2016-11-03T00:00:00,210015.2904,728269.5288,503.635625,307.2010417,295.6452083,201.9752083
2016-11-04T00:00:00,210021.4242,735183.4823,502.4470833,303.56875,291.8908333,197.805
2016-11-05T00:00:00,210000.3773,735195.6308,503.2454167,302.3447917,289.9370833,194.3091667
2016-11-06T00:00:00,210013.9648,735223.5669,503.6320833,301.13,288.4560417,191.539375
2016-11-07T00:00:00,210011.94,735229.84,503.55,301.88,289.67,193.13
2016-11-08T00:00:00,209998.674,734814.964,503.7554167,305.5720833,294.425,199.70875
2016-11-09T00:00:00,210010.455,734766.704,503.6495833,308.7291667,298.5322917,205.326875
2016-11-10T00:00:00,210010.3092,731958.3942,503.0889583,310.2091667,300.4720833,207.8725
2016-11-11T00:00:00,210002.0627,727791.6288,503.0897917,311.2914583,301.6979167,208.8347917
2016-11-12T00:00:00,210005.8948,727766.9135,502.4254167,309.99125,300.1839583,206.4577083
2016-11-13T00:00:00,210006.3544,728516.8321,501.3283333,307.8075,297.7452083,203.6033333
2016-11-14T00:00:00,210012.4819,730897.7615,501.6383333,307.5664583,297.6041667,203.22125
2016-11-15T00:00:00,210012.699,734310.8383,501.2495833,307.3822917,297.79875,203.6604167
2016-11-16T00:00:00,209999.9683,733139.1325,501.2814583,308.3108333,299.1660417,205.74
2016-11-17T00:00:00,210002.8321,727830.5081,499.805625,309.3060417,300.7366667,208.3772917
2016-11-18T00:00:00,210009.5585,724494.8315,498.0614583,309.0435417,300.7185417,208.8304167
2016-11-19T00:00:00,210014.4623,724485.3965,497.7164583,307.6960417,299.025625,206.140625
2016-11-20T00:00:00,209998.1815,724505.2669,495.8885417,305.733125,297.081875,203.6197917
2016-11-21T00:00:00,209989.486,720977.815,495.53,307.8060417,299.7954167,206.380625
2016-11-22T00:00:00,210018.7721,711089.7048,497.7445833,312.594375,304.8402083,211.4872917
2016-11-23T00:00:00,207441.6638,689828.1896,497.1822917,313.01125,304.5122917,210.6525
2016-11-24T00:00:00,204638.8973,677097.3588,494.8058333,309.3547917,299.8885417,204.2389583
2016-11-25T00:00:00,207211.5021,704891.68,499.8614583,306.896875,296.8089583,198.9789583
2016-11-26T00:00:00,209996.1006,733158.8217,505.4235417,307.1772917,297.3047917,199.4714583
2016-11-27T00:00:00,210001.1042,735205.1273,506.109375,308.9075,299.7795833,203.2835417
2016-11-28T00:00:00,210001.3958,735240.2917,505.8610417,308.8797917,299.988125,203.6579167
2016-11-29T00:00:00,209995.6927,733066.6498,505.5997917,308.524375,299.74625,203.1716667
2016-11-30T00:00:00,210021.4675,730493.9429,504.2964583,308.1470833,299.7202083,203.2641667
2016-12-01T00:00:00,210027.1219,732035.2133,503.1297917,307.6672917,299.633125,202.97875
2016-12-02T00:00:00,210020.3469,734363.8679,502.2441667,305.91375,297.9166667,200.3441667
2016-12-03T00:00:00,210020.6413,735010.5469,501.4179167,304.141875,296.1820833,198.6752083
2016-12-04T00:00:00,209986.9498,735222.2096,501.375,302.1404167,293.93625,196.3102083
2016-12-05T00:00:00,209986.3471,735011.8079,501.1677083,299.1325,290.2641667,190.9175
2016-12-06T00:00:00,210005.8102,639865.2083,486.1604167,299.0195833,286.7210417,183.4735417
2016-12-07T00:00:00,209995.7169,565432.2438,480.4935417,306.0858333,291.329375,186.2316667
2016-12-08T00:00:00,210006.0869,651176.0035,494.3595833,308.6035417,297.725,196.5708333
2016-12-09T00:00:00,210019.0848,708061.0483,495.656875,304.8914583,297.408125,199.941875
2016-12-10T00:00:00,210000.4327,703008.1202,494.4902083,308.1458333,301.4845833,206.0075
2016-12-11T00:00:00,209989.3779,712546.0879,494.8822917,309.709375,303.91,210.0029167
2016-12-12T00:00:00,209990.1123,730337.7706,495.5075,309.784375,304.948125,212.503125
2016-12-13T00:00:00,209993.1842,735231.8544,496.4277083,310.613125,306.3085417,214.509375
2016-12-14T00:00:00,210004.3571,735235.6815,497.5947917,309.2072917,304.5133333,211.6327083
2016-12-15T00:00:00,210012.1623,735188.7594,496.9395833,306.7116667,301.63625,207.758125
2016-12-16T00:00:00,209998.2129,735175.2798,495.590625,303.2685417,297.6329167,202.2260417
2016-12-17T00:00:00,209972.254,735202.7931,494.9316667,301.4283333,295.6245833,199.4075
2016-12-18T00:00:00,209980.9419,735221.9115,494.941875,302.8133333,297.7175,202.41625
2016-12-19T00:00:00,210014.329,735215.2304,496.2235417,304.606875,299.8685417,204.9979167
2016-12-20T00:00:00,210010.8067,735204.365,497.073125,304.5202083,299.4958333,204.1372917
2016-12-21T00:00:00,209991.5363,735205.5898,496.9179167,303.2222917,297.9275,202.0425
2016-12-22T00:00:00,209999.6727,735194.2563,496.8502083,303.2364583,298.1041667,202.1325
2016-12-23T00:00:00,209994.1363,735128.8679,497.6304167,303.8141667,298.7683333,202.6514583
2016-12-24T00:00:00,209969.6417,735174.8419,498.5816667,304.0470833,298.8395833,202.2991667
2016-12-25T00:00:00,209969.6379,735246.5585,498.7077083,304.445,299.3283333,202.6633333
2016-12-26T00:00:00,209971.231,735226.4827,497.8022917,303.0479167,297.9541667,201.05
2016-12-27T00:00:00,209971.574,735256.0598,496.9889583,299.8197917,294.234375,195.9377083
2016-12-28T00:00:00,209994.2156,735281.7646,497.346875,299.01625,293.1141667,193.6670833
2016-12-29T00:00:00,210013.399,735260.4296,497.2425,299.805625,294.2191667,195.1064583
2016-12-30T00:00:00,210008.6808,735218.33,496.964375,299.5904167,294.2520833,195.040625
2016-12-31T00:00:00,210012.8104,735200.8373,495.9297917,296.8845833,291.164375,190.8995833
2017-01-01T00:00:00,210015.8315,735199.5927,495.5583333,295.3689583,289.3125,188.6095833
2017-01-02T00:00:00,210003.0188,734049.5063,497.034375,297.31375,291.3320833,190.635
2017-01-03T00:00:00,210010.3744,733972.0869,500.2158333,300.4689583,294.5385417,193.7877083
2017-01-04T00:00:00,210009.196,735215.7767,503.05875,304.0902083,298.678125,198.8489583
2017-01-05T00:00:00,210004.6656,735159.6313,504.5483333,307.0764583,302.2979167,203.42875
2017-01-06T00:00:00,210006.2556,733286.5738,506.0308333,308.6733333,303.85875,204.4847917
2017-01-07T00:00:00,210004.7304,728065.5548,506.725625,309.0852083,303.8285417,203.2816667
2017-01-08T00:00:00,209999.3198,729164.2029,506.7347917,307.915625,302.4214583,200.88875
2017-01-09T00:00:00,209998.831,734078.0052,505.6754167,306.118125,300.9677083,199.4152083
2017-01-10T00:00:00,209998.8677,734168.1921,505.2020833,305.8227083,300.9902083,199.9227083
2017-01-11T00:00:00,209992.2577,734673.2465,505.3097917,306.4510417,301.9254167,201.42875
2017-01-12T00:00:00,209993.2529,734978.3708,504.7675,306.54125,302.3579167,201.9185417
2017-01-13T00:00:00,209991.3785,734988.5556,504.5560417,304.9758333,300.564375,199.1210417
2017-01-14T00:00:00,209988.274,734954.861,504.7552083,304.29875,299.7116667,197.9658333
2017-01-15T00:00:00,209995.2208,733800.816,505.0095833,304.9458333,300.4304167,198.60125
2017-01-16T00:00:00,209999.8425,730458.4833,504.3827083,303.7554167,298.9289583,195.66375
2017-01-17T00:00:00,210005.1048,715438.8804,503.186875,305.2985417,300.3783333,197.1197917
2017-01-18T00:00:00,210016.0346,710122.4094,504.0870833,309.1683333,304.8479167,203.3966667
2017-01-19T00:00:00,210001.5302,726832.7135,505.11375,307.9291667,304.286875,203.0658333
2017-01-20T00:00:00,209994.3808,734968.8998,504.4529167,306.3364583,303.2741667,202.0147917
2017-01-21T00:00:00,210006.1221,734991.5065,504.7585417,306.75375,303.8554167,202.985
2017-01-22T00:00:00,209997.064,734960.046,505.2658333,305.4795833,302.2033333,200.7627083
2017-01-23T00:00:00,210005.8335,734979.1844,504.809375,303.2402083,299.6497917,197.1310417
2017-01-24T00:00:00,210021.876,734944.9181,504.3341667,301.40875,297.5020833,194.034375
2017-01-25T00:00:00,210018.6088,734959.1954,503.775625,298.5497917,294.23875,189.5154167
2017-01-26T00:00:00,210017.5435,735017.2546,503.8054167,294.09875,288.7870833,181.5314583
2017-01-27T00:00:00,210018.9694,735083.4475,504.4975,291.991875,285.971875,177.318125
2017-01-28T00:00:00,210004.7546,735167.9606,504.1902083,293.4339583,287.9841667,180.3202083
2017-01-29T00:00:00,209994.515,735110.5677,504.0072917,297.84625,293.7254167,188.3579167
2017-01-30T00:00:00,210006.6596,734957.1888,503.95,302.2416667,299.318125,196.4710417
2017-01-31T00:00:00,210010.8679,734933.069,504.0889583,304.8564583,302.6408333,201.2775
2017-02-01T00:00:00,209991.379,684895.3598,500.5791667,308.5552083,304.8897917,202.5564583
2017-02-02T00:00:00,209985.0046,611199.685,498.41125,313.9179167,306.945625,200.1289583
2017-02-03T00:00:00,210004.4752,590291.7883,501.3191667,313.6947917,304.215625,191.1810417
2017-02-04T00:00:00,209996.0002,590314.8327,505.1910417,311.6591667,300.6416667,183.27375
2017-02-05T00:00:00,209995.9571,590293.9965,507.2310417,311.625,300.203125,181.5666667
2017-02-06T00:00:00,209994.9448,590203.7156,507.2779167,311.0854167,299.7539583,180.4208333
2017-02-07T00:00:00,209986.1185,590075.8679,508.7141667,312.039375,300.7583333,180.3839583
2017-02-08T00:00:00,209994.0577,590044.8052,510.5035417,312.1097917,300.42875,178.5525
2017-02-09T00:00:00,209997.4419,590080.3296,512.2708333,310.6179167,298.31875,174.8735417
2017-02-10T00:00:00,210000.6588,590072.7827,513.8120833,310.3072917,297.9920833,174.0625
2017-02-11T00:00:00,210013.6908,590025.5531,516.1616667,311.6229167,299.2458333,174.9025
2017-02-12T00:00:00,210002.4073,590028.8069,516.769375,312.0508333,299.6679167,175.2010417
2017-02-13T00:00:00,209994.651,590080.6958,516.128125,312.1154167,300.16,176.3485417
2017-02-14T00:00:00,210252.4333,590076.6235,515.391875,313.2658333,301.8827083,179.14
2017-02-15T00:00:00,210264.58,590051.7113,515.234375,314.8052083,303.9222917,181.7852083
2017-02-16T00:00:00,209987.019,599995.1754,515.0535417,313.3554167,303.1164583,181.4439583
2017-02-17T00:00:00,209980.2942,626635.2152,516.8429167,308.92875,299.4125,178.066875
2017-02-18T00:00:00,209983.8625,643815.9942,519.8489583,307.788125,298.908125,177.7122917
2017-02-19T00:00:00,209986.3069,643798.8302,520.5535417,310.4645833,302.3185417,182.4952083
2017-02-20T00:00:00,209996.9154,654894.359,520.6897917,309.1435417,301.8972917,183.8529167
2017-02-21T00:00:00,210009.8385,694493.9877,512.9672917,296.18375,291.1597917,176.61375
2017-02-22T00:00:00,210037.6142,727726.7383,497.5139583,281.1529167,278.8552083,169.1664583
2017-02-23T00:00:00,210025.5535,725963.63,484.9952083,280.6329167,281.0120833,177.416875
2017-02-24T00:00:00,209992.5785,675199.6046,475.0041667,289.1385417,290.32625,190.94
2017-02-25T00:00:00,210007.8325,656933.4908,472.72875,291.7235417,293.0166667,193.9854167
2017-02-26T00:00:00,212061.0385,699451.1465,475.763125,290.1920833,293.209375,195.2477083
2017-02-27T00:00:00,218549.2354,719202.739,479.8702083,292.6852083,295.2866667,196.183125
2017-02-28T00:00:00,223574.6273,732156.0888,486.083125,294.3510417,295.668125,194.2
2017-03-01T00:00:00,224019.9935,734810.5702,488.83125,292.458125,292.9783333,189.7920833
2017-03-02T00:00:00,224044.406,734866.85,492.9504167,291.265,290.6727083,184.54
2017-03-03T00:00:00,224006.621,734999.9296,497.9997917,292.1941667,290.586875,181.5614583
2017-03-04T00:00:00,223972.1454,735002.6458,498.73625,293.0189583,291.3060417,181.73875
2017-03-05T00:00:00,223995.274,735013.391,499.571875,292.138125,289.8935417,179.251875
2017-03-06T00:00:00,223992.7123,735106.4144,502.475625,294.7560417,292.6195833,181.7766667
2017-03-07T00:00:00,223996.7335,735095.2015,506.6977083,301.579375,300.3770833,191.4160417
2017-03-08T00:00:00,223939.1698,726077.5256,508.2866667,306.959375,306.3235417,197.9529167
2017-03-09T00:00:00,223925.2206,708311.7558,504.0541667,305.6922917,304.694375,195.3741667
2017-03-10T00:00:00,219825.0054,706974.7696,499.2472917,299.3322917,298.683125,189.9083333
2017-03-11T00:00:00,212750.6523,703815.5035,496.53125,295.9104167,296.2260417,189.2414583
2017-03-12T00:00:00,210012.6198,695590.3123,495.733125,296.325625,296.78375,190.4960417
2017-03-13T00:00:00,209998.36,702006.24,498.61,297.21,297.62,190.135
2017-03-14T00:00:00,210001.0221,710840.4438,501.0858333,295.469375,295.6020833,186.9770833
2017-03-15T00:00:00,210024.8858,720859.306,501.6375,294.69875,295.4766667,187.945
2017-03-16T00:00:00,210003.816,725688.6831,501.71625,296.043125,297.838125,191.4754167
2017-03-17T00:00:00,209998.7127,728156.1631,501.78625,294.2672917,295.8916667,188.1545833
2017-03-18T00:00:00,210006.7179,730205.9669,502.0289583,290.4375,291.009375,180.7927083
2017-03-19T00:00:00,210008.7002,721501.2856,500.9064583,288.9158333,288.8829167,177.4366667
2017-03-20T00:00:00,210029.2271,704910.9185,499.7379167,287.8052083,286.9552083,174.4589583
2017-03-21T00:00:00,202953.276,699790.5904,500.4139583,286.0454167,285.791875,174.57125
2017-03-22T00:00:00,185957.4192,705557.7319,501.3664583,281.82375,284.5297917,177.005
2017-03-23T00:00:00,184944.6958,710121.2929,501.9060417,283.3870833,286.9927083,181.0566667
2017-03-24T00:00:00,201781.339,714599.544,502.87875,291.5970833,293.6104167,186.9108333
2017-03-25T00:00:00,209981.0867,726420.3004,502.2847917,292.9070833,294.5041667,187.73875
2017-03-26T00:00:00,209998.9454,734741.4088,501.1560417,293.34375,296.1722917,191.305625
2017-03-27T00:00:00,211490.0608,735172.4458,500.851875,294.03125,297.178125,192.74125
2017-03-28T00:00:00,216831.0252,735114.8681,501.565625,292.5966667,294.4620833,187.099375
2017-03-29T00:00:00,221140.054,733712.8894,501.1822917,291.05125,291.8660417,182.36625
2017-03-30T00:00:00,222915.6333,731671.9588,498.2825,290.5072917,291.62375,182.748125
2017-03-31T00:00:00,220350.4848,729496.4346,495.4695833,289.6875,291.5995833,183.8839583
2017-04-01T00:00:00,213359.979,718483.82,494.65375,286.2447917,287.9504167,180.2116667
2017-04-02T00:00:00,210001.796,721116.8838,495.6939583,282.3114583,283.8110417,175.4535417
2017-04-03T00:00:00,209997.7067,730488.9238,496.7558333,282.6504167,284.6152083,176.251875
2017-04-04T00:00:00,209998.6581,728095.5808,497.9325,289.058125,292.0085417,184.67875
2017-04-05T00:00:00,209988.489,729721.184,499.5185417,294.415,298.5389583,192.5554167
2017-04-06T00:00:00,210006.1594,733747.2848,499.305625,294.6852083,299.286875,193.65625
2017-04-07T00:00:00,200927.686,730907.3181,497.0666667,285.8585417,290.4672917,184.2541667
2017-04-08T00:00:00,187051.7565,720903.9779,496.5952083,275.7935417,280.4516667,173.7435417
2017-04-09T00:00:00,182001.0852,721448.6429,498.1858333,273.058125,278.24125,171.883125
2017-04-10T00:00:00,182012.4906,729962.0763,499.431875,275.4677083,281.734375,177.139375
2017-04-11T00:00:00,182008.0996,732503.7738,500.554375,279.73625,286.850625,184.41125
2017-04-12T00:00:00,181992.5581,724634.7465,500.714375,280.8597917,287.8252083,185.075
2017-04-13T00:00:00,181997.5052,707070.3231,502.0629167,283.3841667,289.66,185.1147917
2017-04-14T00:00:00,182013.8713,697581.1373,507.7608333,288.7295833,294.47125,188.2677083
2017-04-15T00:00:00,182013.6292,698523.549,511.5902083,292.8741667,298.8147917,192.5685417
2017-04-16T00:00:00,182002.4269,698451.0054,511.9495833,294.4602083,300.676875,194.675625
2017-04-17T00:00:00,181997.001,697688.764,510.9095833,292.990625,299.1566667,192.9114583
2017-04-18T00:00:00,182008.9883,688320.9683,506.9635417,289.2295833,294.7945833,188.1183333
2017-04-19T00:00:00,182008.3196,675289.3867,504.1083333,284.42,288.5245833,179.8591667
2017-04-20T00:00:00,181999.4665,685016.2835,504.605625,280.4741667,284.4152083,174.9075
2017-04-21T00:00:00,182013.239,697664.0825,506.0704167,280.7360417,285.46875,176.7441667
2017-04-22T00:00:00,182003.8913,697690.0067,506.4210417,282.5783333,287.670625,179.2433333
2017-04-23T00:00:00,182000.1385,697675.4685,505.8239583,283.1241667,288.5820833,180.2739583
2017-04-24T00:00:00,182009.2167,688707.2138,504.8877083,285.825,291.6525,184.6795833
2017-04-25T00:00:00,181993.4127,666067.5915,502.8745833,288.2339583,293.7391667,187.4116667
2017-04-26T00:00:00,181995.4185,652297.9848,501.94375,288.1275,292.9327083,184.9839583
2017-04-27T00:00:00,182008.7894,652668.3765,502.0308333,287.1629167,291.7689583,182.44375
2017-04-28T00:00:00,182028.8088,669742.1031,502.648125,284.6441667,289.8835417,180.5266667
2017-04-29T00:00:00,182024.8298,696989.054,502.831875,279.9677083,286.0125,176.7175
2017-04-30T00:00:00,181998.6988,713105.9525,502.721875,278.1554167,285.0764583,176.5727083
2017-05-01T00:00:00,181995.8448,713222.8258,502.8235417,280.0377083,287.7660417,180.5179167
2017-05-02T00:00:00,181996.8046,696254.2485,501.84125,282.1814583,289.4191667,181.9654167
2017-05-03T00:00:00,181999.3402,688894.4396,501.2685417,283.5052083,290.4120833,183.14125
2017-05-04T00:00:00,181997.5417,707410.5319,501.2614583,280.5316667,288.2064583,181.6377083
2017-05-05T00:00:00,181986.7433,721313.9648,500.9404167,277.61125,285.944375,179.2377083
2017-05-06T00:00:00,181996.1496,720191.5952,501.06375,275.92125,283.9725,176.2583333
2017-05-07T00:00:00,181995.7623,720097.8685,500.989375,272.5952083,280.2829167,172.0225
2017-05-08T00:00:00,181990.9969,725829.8517,500.6508333,272.2295833,280.5785417,173.6010417
2017-05-09T00:00:00,182001.6563,732325.2096,500.7741667,274.1304167,283.2647917,177.1085417
2017-05-10T00:00:00,181988.6631,734907.7492,500.4377083,275.9029167,285.46125,179.4060417
2017-05-11T00:00:00,181969.4852,735140.0621,499.8889583,275.530625,285.186875,178.6954167
2017-05-12T00:00:00,181981.9367,735140.7308,500.1666667,276.2175,286.0375,179.6458333
2017-05-13T00:00:00,181998.8552,731734.8321,499.1229167,278.28125,288.45625,182.8672917
2017-05-14T00:00:00,181997.9621,729476.1921,497.9558333,277.9202083,288.251875,182.426875
2017-05-15T00:00:00,182006.895,731770.2117,499.2358333,278.7875,289.345,183.6072917
2017-05-16T00:00:00,182012.6898,734212.9058,501.2535417,280.0370833,290.7566667,185.078125
2017-05-17T00:00:00,182005.7565,735150.4615,502.0722917,279.6366667,290.164375,183.84625
2017-05-18T00:00:00,181981.2565,734952.0708,502.4683333,279.3872917,289.72125,183.07
2017-05-19T00:00:00,181989.7306,735016.2631,502.4889583,280.205625,290.984375,184.6533333
2017-05-20T00:00:00,182009.0973,735035.281,502.2554167,282.19125,293.541875,188.2714583
2017-05-21T00:00:00,181983.0781,735038.8531,501.8279167,282.8647917,294.303125,189.6975
2017-05-22T00:00:00,181980.7733,735192.0815,501.6220833,282.415625,293.9770833,189.1852083
2017-05-23T00:00:00,181998.88,735108.9554,503.603125,283.96125,295.7754167,190.9608333
2017-05-24T00:00:00,182004.961,735125.2281,504.3054167,284.0991667,296.12375,190.9285417
2017-05-25T00:00:00,182016.3315,735207.2817,504.0152083,283.7633333,295.8620833,190.321875
2017-05-26T00:00:00,182013.1715,735218.4179,503.6935417,284.1185417,296.3708333,191.1075
2017-05-27T00:00:00,182010.5881,735227.2923,502.8085417,279.130625,290.7641667,183.7166667
2017-05-28T00:00:00,182019.796,735147.4773,502.0558333,270.4525,280.5291667,170.4491667
2017-05-29T00:00:00,182013.7738,734663.9058,500.9427083,263.9533333,272.68,161.0854167
2017-05-30T00:00:00,182013.8394,734261.8181,499.9352083,258.7560417,266.6595833,155.7295833
2017-05-31T00:00:00,181998.2498,734754.1185,499.7872917,259.1814583,267.519375,157.43125
2017-06-01T00:00:00,181998.3431,735216.1898,499.648125,266.0327083,276.0439583,166.5922917
2017-06-02T00:00:00,182003.3788,735184.1579,499.0933333,271.0141667,282.198125,173.741875
2017-06-03T00:00:00,181990.0646,735202.7523,498.6847917,275.1141667,287.2020833,180.1245833
2017-06-04T00:00:00,182002.9279,735198.9213,498.996875,278.2347917,291.016875,185.1720833
2017-06-05T00:00:00,181996.3573,735108.5869,498.9583333,277.0025,289.6397917,183.4933333
2017-06-06T00:00:00,182003.2321,710699.2119,495.538125,275.4864583,286.94125,179.6189583
2017-06-07T00:00:00,182020.3244,712238.2163,496.3083333,274.691875,285.8833333,178.1989583
2017-06-08T00:00:00,182009.1467,734728.4483,498.9535417,273.664375,285.5945833,177.8733333
2017-06-09T00:00:00,182008.4138,735184.6863,498.4964583,273.7845833,286.0325,178.2191667
2017-06-10T00:00:00,184755.4802,735199.1121,499.18625,275.4897917,287.6072917,179.2754167
2017-06-11T00:00:00,199132.3346,735172.4875,501.44625,282.2864583,292.3872917,181.1091667
2017-06-12T00:00:00,210020.8067,735186.1229,503.9127083,287.0727083,295.311875,181.4179167
2017-06-13T00:00:00,209987.1473,735228.8946,504.1810417,284.2483333,291.8529167,176.934375
2017-06-14T00:00:00,209991.7494,735213.7554,503.34875,279.2120833,285.8891667,169.434375
2017-06-15T00:00:00,210017.5033,734747.6577,502.9702083,277.370625,283.6820833,166.7235417
2017-06-16T00:00:00,210020.4394,734767.4354,502.1204167,277.788125,284.6335417,168.215
2017-06-17T00:00:00,209993.7123,735170.8623,501.8254167,277.6247917,284.6997917,168.2422917
2017-06-18T00:00:00,209991.6481,735185.5421,502.2164583,279.2658333,286.6997917,171.3145833
2017-06-19T00:00:00,210000.1096,732668.1208,501.9010417,282.4675,290.9052083,178.0454167
2017-06-20T00:00:00,209999.4625,732201.9875,500.9914583,281.9158333,290.69875,178.2910417
2017-06-21T00:00:00,210013.215,734613.7438,498.8145833,280.82375,290.0427083,177.611875
2017-06-22T00:00:00,210011.2398,727735.2979,492.6329167,281.553125,291.9897917,181.5266667
2017-06-23T00:00:00,210010.7938,694733.0281,478.2154167,275.0725,285.3985417,177.3108333
2017-06-24T00:00:00,210015.5154,670803.5292,467.6704167,261.6291667,269.6329167,162.6277083
2017-06-25T00:00:00,209992.4327,670854.0977,468.4310417,257.0954167,263.65875,156.5341667
2017-06-26T00:00:00,209984.265,670859.8806,471.055,261.8941667,268.976875,161.8979167
2017-06-27T00:00:00,210003.5138,670899.6306,471.7297917,263.9514583,271.5716667,164.730625
2017-06-28T00:00:00,210005.6371,670857.2467,471.7245833,264.3327083,272.0622917,165.3175
2017-06-29T00:00:00,210001.1306,669787.9206,471.4497917,268.391875,277.1483333,170.29375
2017-06-30T00:00:00,204272.2504,638912.6215,467.5479167,275.2639583,286.0833333,179.9566667
2017-07-01T00:00:00,186499.1313,551465.3929,460.8997917,282.6379167,294.1133333,188.591875
2017-07-02T00:00:00,175005.4181,496377.0558,458.94625,286.8064583,297.7902083,191.77125
2017-07-03T00:00:00,175002.6008,496398.4065,460.26,288.2010417,299.2910417,193.3
2017-07-04T00:00:00,175006.8038,496416.6042,460.0941667,288.889375,300.4229167,195.0810417
2017-07-05T00:00:00,175006.0921,496432.969,460.7508333,284.9839583,295.3910417,187.4708333
2017-07-06T00:00:00,175008.8085,496414.2375,463.15875,281.3329167,289.95,178.1039583
2017-07-07T00:00:00,175004.091,496394.4738,464.5933333,281.8783333,289.9370833,177.1045833
2017-07-08T00:00:00,174992.8238,496419.4533,465.1022917,283.639375,291.9610417,180.009375
2017-07-09T00:00:00,175000.2365,496420.5333,467.0729167,286.4308333,295.015625,183.8458333
2017-07-10T00:00:00,175015.6621,496394.6358,471.504375,288.0235417,295.7441667,182.2202083
2017-07-11T00:00:00,175009.0623,496376.866,472.859375,287.6097917,295.1127083,179.96375
2017-07-12T00:00:00,175007.6294,515422.7002,472.5070833,286.2391667,295.4566667,182.5577083
2017-07-13T00:00:00,175011.6688,562379.691,474.281875,282.3416667,294.406875,184.9435417
2017-07-14T00:00:00,175007.5781,596933.1925,474.8904167,277.9533333,291.940625,184.7770833
2017-07-15T00:00:00,175013.8515,603762.1729,473.88875,276.373125,290.84625,184.3845833
2017-07-16T00:00:00,175014.8827,603749.085,472.5033333,277.0279167,292.1983333,186.6522917
2017-07-17T00:00:00,175009.1642,602606.2394,471.6139583,277.5866667,293.3933333,188.7008333
2017-07-18T00:00:00,175009.8494,602654.6613,472.76625,278.5152083,294.4439583,189.2677083
2017-07-19T00:00:00,175006.0117,603752.784,474.1329167,279.69,295.574375,189.8308333
2017-07-20T00:00:00,174992.0079,603617.2006,473.5854167,277.3991667,292.9358333,186.2675
2017-07-21T00:00:00,175000.8956,603622.1871,473.254375,275.4654167,290.7735417,183.5152083
2017-07-22T00:00:00,175012.685,603751.3017,473.4595833,274.304375,289.2989583,181.413125
2017-07-23T00:00:00,175007.1769,603779.7669,473.7416667,274.6339583,289.909375,181.49625
2017-07-24T00:00:00,175008.4073,603806.8848,473.7808333,277.798125,294.220625,186.4920833
2017-07-25T00:00:00,175009.1242,603776.4588,473.2158333,279.46875,296.78375,190.3816667
2017-07-26T00:00:00,175018.0383,603779.3046,471.48375,280.4304167,298.79875,194.1645833
2017-07-27T00:00:00,175020.6527,603756.4448,470.018125,281.1195833,300.1552083,196.3816667
2017-07-28T00:00:00,175018.1629,603504.4292,469.7714583,280.5579167,299.4672917,194.8783333
2017-07-29T00:00:00,175022.7552,576809.7452,469.7108333,282.5760417,299.5904167,191.4704167
2017-07-30T00:00:00,174998.2827,523602.0598,469.355,289.1916667,302.9358333,190.155625
2017-07-31T00:00:00,174983.8183,497177.969,469.6975,293.4629167,305.7033333,191.1091667
2017-08-01T00:00:00,174991.2521,536048.9373,471.6216667,289.8954167,304.3016667,192.4510417
2017-08-02T00:00:00,175006.9067,588415.0235,472.65375,285.4545833,303.2195833,195.7852083
2017-08-03T00:00:00,175008.1769,602762.5208,473.1089583,286.1504167,305.4564583,200.6629167
2017-08-04T00:00:00,174994.3606,602850.8231,473.6027083,288.149375,308.021875,204.8372917
2017-08-05T00:00:00,175002.0233,603802.7971,473.4354167,287.788125,307.7397917,204.8958333
2017-08-06T00:00:00,175005.7888,603814.3723,474.2414583,285.7004167,304.9447917,200.4408333
2017-08-07T00:00:00,175016.2321,603793.981,474.9133333,283.7683333,302.3872917,196.0385417
2017-08-08T00:00:00,175025.7683,603826.1879,474.6454167,283.94625,302.7908333,196.4214583
2017-08-09T00:00:00,175010.0848,603821.705,474.3889583,286.1185417,305.7777083,200.9091667
2017-08-10T00:00:00,174997.3125,603790.4773,474.2864583,288.6729167,309.2677083,206.4147917
2017-08-11T00:00:00,174995.274,603808.671,472.6585417,284.7129167,304.6535417,199.7689583
2017-08-12T00:00:00,174984.5,603837.8321,471.2810417,276.3041667,294.1772917,184.3439583
2017-08-13T00:00:00,174990.3235,603803.4606,471.1283333,273.1010417,290.3704167,179.2402083
2017-08-14T00:00:00,174995.8894,603817.0938,471.9589583,274.036875,291.855625,181.7175
2017-08-15T00:00:00,174993.5121,603861.3096,474.0220833,276.4939583,294.57125,184.8577083
2017-08-16T00:00:00,174982.0063,603830.4031,474.5733333,279.3925,298.2047917,190.3425
2017-08-17T00:00:00,174987.4163,603799.6233,473.2160417,279.0739583,298.4202083,191.959375
2017-08-18T00:00:00,174998.676,603823.6529,473.2627083,277.4408333,296.4716667,188.8033333
2017-08-19T00:00:00,174991.1838,603839.5244,473.6872917,277.5164583,296.675,188.4427083
2017-08-20T00:00:00,174973.8369,603865.8731,472.7852083,277.6602083,297.3489583,189.7891667
2017-08-21T00:00:00,174969.7652,603894.065,471.751875,278.4197917,298.611875,191.370625
2017-08-22T00:00:00,174985.7258,603840.8008,470.5585417,279.2408333,299.955625,193.091875
2017-08-23T00:00:00,174996.835,594379.5852,469.9239583,279.838125,300.340625,193.538125
2017-08-24T00:00:00,175010.8615,567139.5004,471.9625,282.5939583,301.095,191.8175
2017-08-25T00:00:00,175004.4742,550084.0154,473.4225,285.2389583,302.5658333,191.4320833
2017-08-26T00:00:00,174994.5442,550068.4085,473.410625,285.680625,303.1764583,192.228125
2017-08-27T00:00:00,175005.3835,550079.666,474.2908333,281.126875,297.370625,184.0022917
2017-08-28T00:00:00,175005.2629,550102.2481,474.3897917,277.5247917,292.756875,177.5695833
2017-08-29T00:00:00,175011.7729,550073.3763,473.493125,277.7977083,293.3433333,178.964375
2017-08-30T00:00:00,175025.8121,540966.074,473.7191667,280.6508333,296.279375,182.4516667
2017-08-31T00:00:00,175005.2973,524861.2923,472.89,283.3258333,298.5870833,184.4166667
2017-09-01T00:00:00,174987.0579,527684.139,472.4683333,281.5633333,296.9827083,182.80625
2017-09-02T00:00:00,174996.9594,536714.7154,473.8447917,281.1341667,297.0091667,183.5872917
2017-09-03T00:00:00,175008.4565,536679.5221,473.4458333,282.6135417,299.10875,186.3533333
2017-09-04T00:00:00,175007.1388,549052.0269,471.6027083,282.25875,300.3229167,189.2622917
2017-09-05T00:00:00,174998.4319,582628.9765,470.4216667,278.5660417,298.90125,190.450625
2017-09-06T00:00:00,174998.7529,603416.1948,470.526875,275.0122917,296.3095833,188.2866667
2017-09-07T00:00:00,175006.3229,603691.5367,470.01875,273.4579167,294.4477083,185.146875
2017-09-08T00:00:00,175008.2879,603714.0481,469.2010417,271.8866667,292.4858333,182.3516667
2017-09-09T00:00:00,175006.8183,603763.5923,469.3652083,271.52625,291.9595833,181.5152083
2017-09-10T00:00:00,119974.0248,366793.3421,395.0583333,224.2333333,244.7433333,175.120625
2017-09-11T00:00:00,53277.18167,115428.2646,258.4279167,166.0935417,165.780625,171.8725
2017-09-12T00:00:00,37980.2475,81476.03521,168.7939583,157.9708333,129.23,177.955625
2017-09-13T00:00:00,37641.36229,52775.63792,130.2320833,150.7722917,122.0127083,157.6266667
2017-09-14T00:00:00,37868.97042,29101.35063,112.333125,126.415625,119.7825,120.8058333
2017-09-15T00:00:00,37730.47438,47240.69042,120.8766667,115.6870833,121.56125,119.2372917
2017-09-16T00:00:00,76491.68771,262765.3788,288.5741667,182.3758333,199.088125,153.2379167
2017-09-17T00:00:00,147489.2108,552400.9875,457.9583333,265.8204167,290.180625,188.8639583
2017-09-18T00:00:00,180961.9042,668531.6533,488.378125,291.9604167,314.3575,207.936875
2017-09-19T00:00:00,182000.0998,685076.3494,498.93875,297.4120833,319.4477083,210.0652083
2017-09-20T00:00:00,182002.2398,690777.1504,503.0152083,297.219375,318.443125,205.9827083
2017-09-21T00:00:00,182017.0727,694505.3713,502.4141667,294.5858333,315.5989583,202.0395833
2017-09-22T00:00:00,182018.4652,688004.5144,501.6341667,295.55875,316.8664583,204.0008333
2017-09-23T00:00:00,182012.0819,676778.0054,500.6754167,298.1104167,319.8258333,208.6175
2017-09-24T00:00:00,185931.3877,674701.596,501.0483333,299.17375,320.0545833,208.6770833
2017-09-25T00:00:00,200195.7806,687599.6881,503.371875,303.6158333,322.2216667,208.9885417
2017-09-26T00:00:00,209992.9756,696922.9588,504.1547917,304.2572917,320.6685417,204.4110417
2017-09-27T00:00:00,210003.4323,697438.089,504.2725,302.5864583,318.4614583,200.77125
2017-09-28T00:00:00,210020.5504,693113.0696,505.7908333,304.07125,319.7175,201.7208333
2017-09-29T00:00:00,210007.4144,665799.1794,508.25,308.4870833,322.6504167,202.713125
2017-09-30T00:00:00,209986.1073,644074.4944,511.500625,311.5895833,323.7525,200.0908333
2017-10-01T00:00:00,209999.5488,643899.1125,513.1870833,312.7814583,324.601875,199.1027083
2017-10-02T00:00:00,210004.06,640577.8592,511.7354167,312.606875,324.740625,199.2770833
2017-10-03T00:00:00,200681.1963,620114.4523,503.375,305.7691667,319.4622917,197.0210417
2017-10-04T00:00:00,186850.6238,603871.3956,486.5864583,291.716875,308.9925,193.4604167
2017-10-05T00:00:00,182001.8717,603736.1244,474.5641667,283.453125,303.4164583,193.2977083
2017-10-06T00:00:00,182004.0358,603758.5283,472.5214583,285.530625,306.8752083,199.3952083
2017-10-07T00:00:00,182018.169,603756.6377,473.3835417,287.7075,309.6383333,203.0991667
2017-10-08T00:00:00,182023.2313,603734.5873,473.9722917,288.688125,310.8777083,204.665
2017-10-09T00:00:00,182011.2654,601661.4494,474.394375,289.31375,311.489375,204.7833333
2017-10-10T00:00:00,181973.901,559430.5427,477.24625,296.6291667,316.313125,206.7889583
2017-10-11T00:00:00,181965.0465,555712.0548,476.8870833,298.7175,318.90125,209.1860417
2017-10-12T00:00:00,181990.635,615181.8692,478.645,293.1241667,316.5275,208.4070833
2017-10-13T00:00:00,191190.0029,664912.9973,492.861875,296.074375,318.0620833,205.5779167
2017-10-14T00:00:00,198907.89,687718.9635,508.60625,302.1679167,321.3354167,202.5277083
2017-10-15T00:00:00,197076.0592,697689.4435,514.2752083,301.9764583,320.8027083,199.7272917
2017-10-16T00:00:00,215542.2194,700381.3704,515.12375,302.924375,317.4420833,193.424375
2017-10-17T00:00:00,243117.8344,701926.6548,515.384375,305.0085417,313.3747917,187.004375
2017-10-18T00:00:00,251992.6242,701051.3029,514.75375,308.228125,315.8460417,190.123125
2017-10-19T00:00:00,252004.5817,687227.9825,515.156875,314.6666667,323.2452083,197.8058333
2017-10-20T00:00:00,251996.4838,687849.054,515.62875,317.0322917,326.35375,201.485625
2017-10-21T00:00:00,252007.0956,689507.7848,518.1833333,319.3858333,328.873125,203.7116667
2017-10-22T00:00:00,245041.0594,685457.0213,523.7266667,322.2158333,332.1083333,205.696875
2017-10-23T00:00:00,235958.3656,692701.9852,524.655625,318.7622917,330.1679167,205.4404167
2017-10-24T00:00:00,243117.4152,698882.3421,523.1789583,316.7864583,326.9745833,201.3164583
2017-10-25T00:00:00,245155.1085,657584.1442,521.578125,321.60625,329.71375,199.563125
2017-10-26T00:00:00,209266.1081,618215.5221,497.9141667,304.9379167,320.8516667,199.841875
2017-10-27T00:00:00,182019.4871,617109.7752,476.0147917,285.5533333,309.23625,199.751875
2017-10-28T00:00:00,181996.4277,617113.9758,473.4,283.7872917,307.9235417,199.9272917
2017-10-29T00:00:00,181976.5479,617119.604,472.4070833,282.6135417,306.83625,198.6397917
2017-10-30T00:00:00,181973.6127,617096.9392,471.636875,275.8439583,298.493125,189.0383333
2017-10-31T00:00:00,181986.5648,617071.309,470.9639583,267.5752083,288.0075,178.3875
